{"3": [1067.59747277745, 1041.5993189891194, 909.8464602532082, 928.6280192988379, 756.758088666054, 853.0826387215931, 785.5940129014315, 610.661442669173, 681.9943345023319, 643.3447945243365, 539.6164333382585, 586.2703476063459, 607.3883643261508, 532.7258692608715, 493.87352519804705, 537.81113066323, 527.4241561080491, 581.9565853410979, 535.6266611655046, 548.4564116351767, 552.9752223672766, 514.8169067194581, 530.4294018628661, 499.5342966364846, 607.4042764281348, 506.22055167234475, 480.81617072681865, 472.3280503223369, 532.0157873131998, 532.536561420203, 522.9768532863518, 512.2197575709014, 434.1056513266174, 488.5938614884329, 509.26699588353523, 455.3500775706469, 465.26583721177434, 504.7500491382905, 518.6720956275649, 522.3194003732116, 515.1919868597464, 514.2434252615624, 482.90792788816026, 471.82442690760826, 435.3193882131227, 483.15847928328884, 464.940804036538, 500.7450145489475, 489.8465763830016, 501.31419496074096, 482.6449569435343, 523.7091587062174, 508.82185750406353, 497.99128569243084, 476.86560101308214, 476.6765055414425, 484.7711820480217, 501.6690593785038, 516.2584529328485, 528.3717672396956, 533.1215527434601, 526.6188313135966, 542.2342556211379, 522.1836524309088, 509.1589411081896, 488.58944528903555, 513.9587706736314, 529.0537561965551, 517.9512840410672, 502.38450710635476, 525.7227941176471, 515.9290622149243, 499.400242061939, 493.56892715357, 475.4922306711863, 480.9509060396726, 489.9489058777428, 504.6830551766054, 522.3705521436948, 519.1342342342343, 520.0189259010855, 480.67933455710016, 458.36979166666663, 442.2871026125275, 464.0101499369827, 486.1230821813763, 508.47237463532065, 527.7900573351186, 517.2405134100206, 488.245491490983, 490.9155630458937, 480.5678473342343, 468.4902681610907, 452.7718033451939, 464.21951852184407, 487.88335503526775, 499.8429988147709, 516.2699510752077, 536.9060992549545, 530.6666666666666], "9": [822.6758018676412, 1063.6988217627354, 1068.721590909091, 933.6623237280022, 747.3023254171577, 981.9914801188653, 924.7619788678525, 666.1587889257338, 696.2344002268815, 624.1131226095749, 671.61467262461, 660.6556230687336, 549.9714786926835, 685.5185168161429, 580.6148919642478, 621.4554222244592, 591.22835372175, 669.2942650940973, 640.1799409005807, 608.3936593035239, 526.9859920568596, 574.8554727088173, 611.3182866717761, 515.9498495304075, 608.7266678858322, 521.465451501209, 516.7477545415809, 535.9370610746641, 558.0440134952664, 578.5736985180274, 562.2424871732505, 565.9564019655778, 523.119014202172, 568.7059739571417, 581.3402704747401, 547.3520702358047, 551.8728997861349, 535.6061712512566, 530.8823717244919, 549.6916306717441, 556.2161543505491, 617.9455468650802, 594.704641350211, 574.5120404795651, 550.6148815124939, 540.0404831214684, 534.3094420160415, 538.7407847681094, 547.4697506024792, 551.7988687675114, 546.0611599658833, 557.9324959662022, 596.4612366603892, 569.5648107474925, 595.8462645976643, 597.4174037340306, 583.9319184605135, 560.1116948013773, 567.8984608195141, 564.3364165034008, 577.7399376898748, 601.5860740294646, 605.6762948207171, 613.9961741354505, 575.976613657624, 561.3422305022511, 568.4011379551821, 574.8999709905468, 605.0928031133043, 583.6576430450128, 573.3218663252313, 611.7528534627029, 601.213622366092, 598.6394159142495, 587.4437606468485, 582.9572044988328, 592.4727094109095, 573.2343971631205, 577.6171875, 580.6670091913662, 566.9171528901995, 614.6778223503142, 546.3416005900793, 552.9806265123672, 573.0200879418595, 550.8699162679426, 543.3985714285714, 533.7460644464651, 556.4300225733634, 553.3470687767493, 571.8840357941834, 574.3384306402171, 562.88599458728, 513.6918439716312, 559.1254164217127, 574.5492576592682, 570.7222701149425, 553.6250126349123, 557.156182012432, 637.2376262429559], "0": [1074.568345323741, 1065.713508722827, 1042.009559701697, 1004.1640255536618, 931.4998413725757, 939.468316346722, 925.630786357049, 954.0740181134203, 962.5556228077768, 946.3526700061678, 1006.2513375708799, 963.7889565483721, 953.4919452868695, 942.0939390899256, 937.7064522178684, 931.5237981637464, 925.6035192659001, 922.6592793334981, 925.2992612738653, 936.2817422534425, 922.0925611917546, 911.2959753880547, 857.1494314143567, 856.0498039363196, 864.1100918579627, 846.2852423069534, 840.3290697982333, 877.5221291670672, 860.6350400004345, 855.2388838819189, 842.1726298065611, 843.654127228671, 844.3035171150219, 858.1223109638267, 901.3964932406101, 861.0522861569942, 844.5258085958484, 855.4402844690175, 879.6759074155905, 895.7090386421793, 858.925296401317, 858.9950434829847, 851.5325698951517, 857.5857259686145, 859.9826413406786, 859.8046220775146, 862.735899826408, 884.4786745108782, 849.9386855890803, 847.6519314327832, 823.218474357556, 827.577490013904, 814.5018745207204, 822.8179226733049, 839.2528512952518, 855.6438349094132, 903.3227272727272, 831.625690705443, 843.5107048725664, 829.7179714152932, 816.5369210672753, 802.4967740935028, 824.3943917272985, 831.9842741026656, 836.6086792224737, 840.334304461439, 848.02471340388, 829.4918039764925, 844.8747697756226, 851.0384194529723, 869.8144743045733, 825.9494760645433, 827.0883670362297, 824.9525035876387, 836.042847195684, 862.033503776321, 883.9415404040403, 851.6218817428586, 840.7784093347, 841.7460868071781, 843.9760909618249, 835.3389830508474, 832.5358126828032, 843.4305211228808, 813.1359806089122, 829.6286329815613, 888.4959450164197, 921.0372549019608, 889.6407185628742, 892.3491206267092, 892.5363636363636, 896.5604201424412, 896.90485261033, 824.677947971372, 850.6928649214155, 852.109726577227, 858.5047922810694, 869.6542923274451, 890.0604948983027, 896.2962900655626], "4": [661.1428571428571, 1069.9198473282443, 1066.9185883095279, 1045.1131101198462, 981.7281339285679, 943.6488433790531, 919.4123347194045, 861.5785140372436, 797.5362231966243, 751.6876202988202, 699.0912245299261, 649.2514936738519, 587.1738685516101, 553.4880858867492, 527.8044444444445, 529.3224944222306, 503.63988095238096, 515.7407707726562, 491.3105837544862, 464.13386751470557, 442.6550887538394, 470.1058620554234, 475.1518606050728, 462.28515492043016, 463.9842229182197, 511.3385031559964, 538.4526133964516, 565.9120481927711, 439.6179613136365, 467.0183907412004, 499.5737993405206, 460.1122719986384, 468.4506663995369, 525.1565494632514, 543.4581566469851, 528.5151222651223, 539.049022115119, 487.8551792562978, 573.3889675139675, 502.13061204440515, 493.5164594664595, 443.3379949078529, 486.6163348029029, 533.1301920419709, 451.51946026329773, 486.5889714020964, 491.3309593436822, 469.91572399293915, 422.9867055522213, 462.71734927481515, 357.90582986470713, 401.38839482492455, 451.41805551883743, 405.37587149728387, 383.36944331709964, 388.55770654818576, 445.01050297330215, 425.16757310028714, 431.3814443850181, 450.7463842434151, 462.03311309836687, 431.09205054749174, 421.783324377828, 385.02718063835806, 399.13115165293146, 407.1427204555523, 409.17217731835314, 401.5729912093279, 391.6463084133393, 398.77921042413146, 420.5223120895909, 425.92511954550287, 422.5643782629843, 471.8356215515645, 472.31453999454, 465.0081226575225, 436.8231707317073, 398.1199250042477, 395.00796127994863, 385.19844577896464, 413.57462710944174, 454.5999974258354, 422.8985290390055, 442.4758780692893, 411.8623756941754, 409.9766935190069, 371.2434526472781, 389.5989529850961, 411.6614637709915, 375.24740984340366, 380.9422837138497, 344.0168306172418, 395.1122343476736, 414.630759123934, 410.50256266665406, 416.0259215497884, 401.32662996832613, 440.12405108335156, 478.93839729624045, 453.8367048710602],